name,new_name
31st Avenue Gyro,31st Avenue Gyro
7-11,7-11
7-Eleven,7-11
A & W Family Restaurant,A&W
A&W,A&W
A&W All American Food,A&W
A&W All-American Food,A&W
A&W All-American Foods,A&W
A&W Restaurant,A&W
A&W/Long John Silvers,A&W
A&w,A&W
A&w Restaurant,A&W
AJ's Hotdogs & Gyros,AJ's Hotdogs & Gyros
Alice's,Alice's
Ama Ristorante,Ama Ristorante
Amigos/Kings Classic,Amigos/Kings Classic
Aprisa Mexican Cuisine,Aprisa Mexican Cuisine
Arby's,Arby's
Arby's Antigo,Arby's
Arbys,Arby's
Arctic Circle,Arctic Circle
Au Bon Pain,Au Bon Pain
Auntie Anne's,Auntie Anne's
Aw Restaurant,A&W
B K,Burger King
B Z Breakfast Burgers Beyond,B Z Breakfast Burgers Beyond
B. Good,B. Good
BGR - The Burger Joint,BGR - The Burger Joint
BIG & little's Restaurant,BIG & little's Restaurant
BLIMPIE,BLIMPIE
Back Yard Burgers,Backyard Burgers
Backyard Burgers,Backyard Burgers
Bad Daddys Burger Bar,Bad Daddys Burger Bar
Baja Fresh,Baja Fresh Mexican Grill
Baja Fresh Mexican Grill,Baja Fresh Mexican Grill
Baker's Drive Thru,Baker's Drive Thru
Bamboo Bistro,Bamboo Bistro
Baskin-Robbins,Baskin-Robbins
Bb&t,Bb&t
Ben & Jerry's,Ben & Jerry's
Bills Place,Bills Place
Blake's LotaBurger,Blake's LotaBurger
Blake's Lotaburger,Blake's LotaBurger
Blakes Lotaburger,Blake's LotaBurger
Blimpie,Blimpie Subs & Sandwiches
Blimpie Subs & Sandwiches,Blimpie Subs & Sandwiches
Blondies,Blondies
Bob Evans,Bob Evans
Bob Evans Restaurant,Bob Evans Restaurant
Bobby's Burger Palace,Bobby's Burger Palace
Bojangles' Famous Chicken 'n Biscuits,Bojangles' Famous Chicken 'n Biscuits
Boston Chowda Company,Boston Chowda Company
Boston Market,Boston Market
Boston Market 381,Boston Market
Braum's,Braum's Ice Cream & Dairy Store
Braum's Ice Cream & Dairy Store,Braum's Ice Cream & Dairy Store
Bravo Tacos,Bravo Tacos
Breadeaux Pizza,Breadeaux Pizza
Brixton's,Brixton's
Buds Chicken & Seafood,Buds Chicken & Seafood
Burger King,Burger King
Burger King Salou,Burger King
Burger Time,Burger Time
Burger's Landing,Burger's Landing
Burgerville,Burgerville
"Burgerville, USA",Burgerville
Bush's Chicken,Bush's Chicken
Cafe Rio,Cafe Rio
Capriotti's Sandwich Shop,Capriotti's Sandwich Shop
Capt Crab's Take-Away,Capt Crab's Take-Away
Captain D's,Captain D's Seafood
Captain D's Seafood,Captain D's Seafood
Car's Late Night Delivery,Car's Late Night Delivery
Carl's / Green Burrito,Carl's Jr
Carl's Jr,Carl's Jr
Carl's Jr - Green Burrito,Carl's Jr
Carl's Jr / Green Burrito,Carl's Jr
Carl's Jr.,Carl's Jr
Carl's Jr. / Green Burrito,Carl's Jr
Carls Jr,Carl's Jr
Carls Jr. / Green Burrito,Carl's Jr
Char-Grill,Char-Grill
Charcoal Delights,Charcoal Delights
Charkies,Charkies
Charley's Grilled Subs,Charleys Philly Steaks
Charleys Philly Steaks,Charleys Philly Steaks
Charlie Browns,Charlie Browns
Charlie's Chicken,Charlie's Chicken
Checker's,Checker's Drive-in Restaurant
Checker's Drive-in Restaurant,Checker's Drive-in Restaurant
Checker's Hamburgers,Checker's Drive-in Restaurant
Checkers,Checker's Drive-in Restaurant
Checkers Burgers and Fries,Checker's Drive-in Restaurant
Cherry Hill Drive In Ice Cream,Cherry Hill Drive-In Ice Cream
Chester's Grill,Chester's Grill
Chicago Union Station Food Court,Chicago Union Station Food Court
Chick-Fil-A,Chick-Fil-A
Chick-fil-A,Chick-Fil-A
Chick-fil-a,Chick-Fil-A
Chick-fil-a Magnolia Mall,Chick-Fil-A
Chick-fil-a Orange Avenue,Chick-Fil-A
Chick-fil-a Superstition Springs Center,Chick-Fil-A
Chick-fil-a Truett's Luau,Chick-Fil-A
Chicken Express,Chicken Express
Chicken House,Chicken House
Chickenow,Chickenow
China Buddha Inn II,China Buddha Inn II
China King,China King Restaurant
China King Restaurant,China King Restaurant
Chipotle Mexican Grill,Chipotle Mexican Grill
Chris' Drive-In,Chris' Drive-In
Chuck Wagon,Chuck Wagon
Church's Chicken,Church's Chicken
Cinnabon,Cinnabon
Circle Drive In,Circle Drive In
City Bites,City Bites
Cody's Cafe,Cody's Cafe
Comilao Lanches Bakery,Comilao Lanches Bakery
Convergence Zone,Convergence Zone
Cook Out,Cook-Out
Cook-Out,Cook-Out
Cookout,Cook-Out
Coop DeVille,Coop DeVille
Costa Vida,Costa Vida Fresh Mexican Grill
Costa Vida Fresh Mexican Grill,Costa Vida Fresh Mexican Grill
Cousins Subs,Cousins Subs
Cousins Subs of Green Bay - Oneida St. & Ramada Way,Cousins Subs
Crispy Chicken & Seafood,Crispy Chicken & Seafood
Crown Fried Chicken,Crown Fried Chicken
Crystal Restaurant,Crystal Restaurant
Culver's,Culver's
Culvers,Culver's
Cusinera,Cusinera
Custard Hut & Pizza,Custard Hut & Pizza
Cypress Best,Cypress Best
D'Angelo Grilled Sandwiches,D'Angelo Grilled Sandwiches
D'angelo Grilled Sandwiches,D'Angelo Grilled Sandwiches
DQ Grill & Chill,DQ Grill & Chill
DQ Grill & Chill / Orange Julius,DQ Grill & Chill
DQ Woodlands,DQ Grill & Chill
Dairy Cheer,Dairy Cheer
Dairy Freeze,Dairy Freeze
Dairy Isle,Dairy Isle
Dairy Queen,Dairy Queen
Dairy Queen - Round Rock,Dairy Queen
Dairy Queen Grill & Chill,Dairy Queen
Dairy Queen Grill & Chill / Orange Julius,Dairy Queen
Dan's Seafood & Chicken,Dan's Seafood & Chicken
Dawg House Grill,Dawg House Grill
Del Taco,Del Taco
Denton's,Denton's
Dewey's Pizza,Dewey's Pizza
Dino's Gyros,Dino's Gyros
Domino's Pizza,Domino's Pizza
Dominos Pizza,Domino's Pizza
Don & Millie's,Don & Millie's
Dq Grill & Chill,DQ Grill & Chill
Dual - Carls / Grn Burrito 1100654,Carl's Jr
Dunkin Donuts,Dunkin' Donuts
Dunkin' Donuts,Dunkin' Donuts
Eagan's Drive-In,Eagan's Drive-In
Einstein Bros Bagels,Einstein Bros Bagels
El Paragua Restaurant,El Paragua Restaurant
El Pollo Loco,El Pollo Loco
El Tarasco Mexican Food,El Tarasco Mexican Food
Eldon Drive In,Eldon Drive In
Elevation Burger,Elevation Burger
Ernie's All American Burger,Ernie's All American Burger
Everest,Everest
Exxon,McDonald's
Fab Wings N Burgers,Fab Wings N Burgers
Fallguys Burger Company,Fallguys Burger Company
Famous Dave's,Famous Dave's
Farmer Boys,Farmer Boys
Fatburger,Fatburger
Fazoli's,Fazoli's
Firehouse Subs,Firehouse Subs
Fitness 19,Fitness 19
Five Guys,Five Guys
Flash Foods / McDonald's,McDonald's
Flip Burger Bar,Flip Burger Bar
Food 4 Less,Food 4 Less
Foster's Freeze,Foster's Freeze
Fosters Freeze,Foster's Freeze
Fred's Store,Fred's Store
Freddy's Steakburger,Freddy's Steakburger
Fresh City,Fresh City
Frisch's Big Boy,Frisch's Big Boy
Froots,Froots
Frugal's,Frugal's
Frugals,Frugal's
Fuku,Fuku
Furr's,Furr's
Gabby's Burgers & Fries,Gabby's Burgers & Fries
Garden Catering,Garden Catering
Garden Fast Food,Garden Fast Food
Geno's Fast Break,Geno's Fast Break
George's Gyros Spot,George's Gyros Spot
Gianni's Pizza,Gianni's Pizza
Gold Star Chili,Gold Star Chili
Golden Chick,Golden Chick
Good Times Burgers & Frozen Custard,Good Times Burgers & Frozen Custard
Goodcents Deli Fresh Subs,Goodcents Deli Fresh Subs
Grandy's,Grandy's
Granny's Drive-In,Granny's Drive-In
Great Steak,Great Steak & Potato Co
Great Steak & Potato Co,Great Steak & Potato Co
Great Steak And Potato Co,Great Steak & Potato Co
Greek Oven Pizza and Wings,Greek Oven Pizza and Wings
Greyhound,Greyhound
Gyros Kings,Gyros Kings
Hamburger King,Hamburger King
Handy's Lunch,Handy's Lunch
Hardee's,Hardee's
Hardee's / Red Burrito,Hardee's
Hardee's / Red Burrito / Dough Boys,Hardee's
Hardees,Hardee's
Hegenburgers,Hegenburgers
Hermosa,Hermosa
Hoka Hoka Bento,Hoka Hoka Bento
Home Town Buffet,Home Town Buffet
Hometown Buffet,Hometown Buffet
Hot Dog Heaven,Hot Dog Heaven
Hot Dog On A Stick,Hot Dog On A Stick
Hot Dog on a Stick,Hot Dog On A Stick
Hotdoks,Hotdoks
Hub City Express,Hub City Express
Hunam Garden,Hunam Garden
Hungry Andy's,Hungry Andy's
Iceberg Drive Inn,Iceberg Drive Inn
In-A-Tub,In-A-Tub
In-N-Out Burger,In-N-Out Burger
Isabella's Pizzeria,Isabella's Pizzeria
Islands Restaurant,Islands Restaurant
Italian Pizzeria Restaurant,Italian Pizzeria Restaurant
Ivar's Seafood Bar,Ivar's Seafood Bar
J J Fish and Chicken,J J Fish and Chicken
JCW's,JCW's
Jack In The Box,Jack In The Box
Jack Pirtles Chicken,Jack Pirtles Chicken
Jack in the Box,Jack In The Box
Jack's,Jack's
Jacks Grocery,Jacks Grocery
Jamba Juice,Jamba Juice
Jamjam,Jamjam
Jason's Deli,Jason's Deli
Jersey Jacks Eatery,Jersey Jacks Eatery
Jersey Mike's Subs,Jersey Mike's Subs
Jim Bob's Chicken Fingers,Jim Bob's Chicken Fingers
Jim's Coney Island,Jim's Coney Island
Jimmy John's,Jimmy John's
Jimmy John's Gourmet Sandwiches,Jimmy John's
Jimmy Johns,Jimmy John's
Johnny Rockets,Johnny Rockets
Jollibee,Jollibee
Jolly's Drive-In,Jolly's Drive-In
KFC,KFC
KFC - Kentucky Fried Chicken,KFC
KFC / A&W,KFC
KFC / Taco Bell,KFC
KFC/Taco Bell,KFC
Kam's Chop Suey,Kam's Chop Suey
Kasa's Pizza,Kasa's Pizza
Kennedy Fried Chicken & Pizza,Kennedy Fried Chicken & Pizza
Kenny's Drive-In,Kenny's Drive-In
Kentucky Fried Chicken,KFC
Kerby's Koney Island,Kerby's Koney Island
Kettle Restaurant,Kettle Restaurant
Kfc,KFC
Kfc - Kentucky Fried Chicken,KFC
Kim Lee Fast Food,Kim Lee Fast Food
King Grill,King Grill
Krystal,Krystal
Kum & Go,Kum & Go
Kum Go,Kum & Go
L&L Hawaiian Barbecue,L&L Hawaiian Barbecue
L&l Hawaiian Barbecue,L&L Hawaiian Barbecue
Lanesplitter Pizza & Pub,Lanesplitter Pizza & Pub
Lee's Famous Recipe Chicken,Lee's Famous Recipe Chicken
Lee's Oriental Martial Arts,McDonald's
Lenny's Sub Shop,Lenny's Sub Shop
Lime Ricky World,Lime Ricky World
Lion's Choice,Lion's Choice
Little Caesar's Pizza Smithfield,Little Caesars Pizza
Little Caesars Pizza,Little Caesars Pizza
Ll Hawaiian Barbecue,Ll Hawaiian Barbecue
Loco Moco Drive-Inn,Loco Moco Drive-Inn
LocoL,LocoL
Long John Silver's,Long John Silver's
Long John Silver's / A&W,Long John Silver's
Long John Silver/ A&W,Long John Silver's
Long John Silvers,Long John Silver's
Long John Silvers / A&W,Long John Silver's
Los Verdes,Los Verdes
Love's,Love's
Luby's,Luby's
Lukes on Harlem,Lukes on Harlem
Luna Corner Pizza,Luna Corner Pizza
Luxor Food Court,Luxor Food Court
"MOOYAH Burgers, Fries & Shakes","MOOYAH Burgers, Fries & Shakes"
Madison Street Subs,Madison Street Subs
Maria's Fry Bread & Mexican Food,Maria's Fry Bread & Mexican Food
Mario's Natural Roman Pizza,Mario's Natural Roman Pizza
Mariu Kebabberia Gastronomica,Mariu Kebabberia Gastronomica
Maui Tacos,Maui Tacos
Mayfair Boardwalk Grill,Mayfair Boardwalk Grill
Mazatlan Mexican Restaurant,Mazatlan Mexican Restaurant
Mc Donald's,McDonald's
Mc Donalds,McDonald's
McDonald's,McDonald's
McDonald's of Mililani Mauka,McDonald's
McDonalds,McDonald's
McDonalds @ Old Atlanta,McDonald's
McDonald’s,McDonald's
McLaren's Pantry,McLaren's Pantry
Mcalister's Deli,Mcalister's Deli
Mcdonald's,McDonald's
Mcdonald's #25557,McDonald's
Mcdonald's - Walmart,McDonald's
Mcdonalds,McDonald's
Meatheads,Meatheads
Mickey's Gyros & Ribs,Mickey's Gyros & Ribs
Milo's Hamburgers,Milo's Hamburgers
Mocha Express,Mocha Express
Moe's Original Bar B Que,Moe's Southwest Grill
Moe's Southwest Grill,Moe's Southwest Grill
Mr Char-Burger,Mr Char-Burger
Mr Hero,Mr. Hero
Mr. Hero,Mr. Hero
Music City Subs,Music City Subs
Nathan's Famous,Nathan's Famous
Nick's Burgers,Nick's Burgers
Nick's Gyros,Nick's Gyros
Nielsen's Frozen Custard,Nielsen's Frozen Custard
Nino's Pizza,Nino's Pizza
Noodles & Company,Noodles & Company
Ny Chicken Fish,Ny Chicken Fish
OMG! Rotisserie,OMG! Rotisserie
Old Country Buffet,Old Country Buffet
Omega Drive-In,Omega Drive-In
Omelette House,Omelette House
Original Tracks,Original Tracks
Osgood's,Osgood's
P. Terry's,P. Terry's
Pacific Rim,Pacific Rim
Paesano's,Paesano's
Pal's Sudden Service,Pal's Sudden Service
Panda,Panda Express
Panda Express,Panda Express
Panera Bread,Panera Bread
Papa Gino's,Papa Gino's
Papa John's,Papa John's
Papa John's Pizza,Papa John's Pizza
Papa Johns,Papa John's Pizza
Papa Johns Pizza,Papa John's Pizza
Papa John’s Pizza,Papa John's Pizza
Papagus Gyros,Papagus Gyros
Pei Wei,Pei Wei
Peking Wok,Peking Wok
Penguin Point,Penguin Point
Penn Station East Coast Subs,Penn Station East Coast Subs
Pete's Burgers,Pete's Burgers
Petro's Chili & Chips,Petro's Chili & Chips
Pick Up Stix,Pick Up Stix
Pita Pit,Pita Pit
Pizza Barn,Pizza Barn
Pizza Express,Pizza Express
Pizza Factory,Pizza Factory
Pizza Hut,Pizza Hut
Pizza Hut Wingstreet,Pizza Hut
Pizza One,Pizza One
Pizza Primetime,Pizza Primetime
Pollo Campero,Pollo Campero
Pollo Tropical,Pollo Tropical
Pop-A-Nugget,Pop-A-Nugget
Popeye's,Popeye's Louisiana Kitchen
Popeye's Chicken,Popeye's Louisiana Kitchen
Popeye's Chicken & Biscuits,Popeye's Louisiana Kitchen
Popeye's Louisiana Kitchen,Popeye's Louisiana Kitchen
Popeyes,Popeye's Louisiana Kitchen
Popeyes Chicken & Biscuits,Popeye's Louisiana Kitchen
Popeyes Chicken and Biscuits,Popeye's Louisiana Kitchen
Popeyes Louisiana Kitchen,Popeyes Louisiana Kitchen
Port Of Subs,Port Of Subs
Port of Subs,Port of Subs
Portillo's,Portillo's
QDOBA Mexican Eats,QDOBA Mexican Eats
Qdoba Mexican Eats,QDOBA Mexican Eats
Qdoba Mexican Grill,QDOBA Mexican Eats
Quick,QuickChek
Quizno's +,Quiznos Sub
Quiznos,Quiznos Sub
Quiznos Sub,Quiznos Sub
Rafael's,Rafael's
Rahway Chicken & Burger Inc,Rahway Chicken & Burger Inc
Raising Cane's,Raising Cane's Chicken Fingers
Raising Cane's Chicken Fingers,Raising Cane's Chicken Fingers
Rally's,Rally's Hamburgers
Rally's Hamburgers,Rally's Hamburgers
Rally's Springfield,Rally's Hamburgers
Rallys,Rally's Hamburgers
Rancher's Roast Beef Inc.,Rancher's Roast Beef Inc.
Rapid Ray's,Rapid Ray's
Red Robin Gourmet Burgers,Red Robin Gourmet Burgers
Redbox,Redbox
Rich's Mighty Fine Burgers Grub,Rich's Mighty Fine Burgers Grub
Richie's Restaurant,Richie's Restaurant
Rocky's,Rocky's
Roly Poly,Roly Poly
Round Table Pizza,Round Table Pizza
Roy Rogers,Roy Rogers
Royal Buffet,Royal Buffet
Rubio's,Rubio's Coastal Grill
Rubio's Coastal Grill,Rubio's Coastal Grill
Runza,Runza
Rush's,Rush's
Ryan's,Ryan's
SONIC Drive In,SONIC Drive-In
SONIC Drive-In,SONIC Drive-In
SUBWAY,Subway
SUBWAY®,Subway
Saladworks,Saladworks
Sammy Carry-Out,Sammy Carry-Out
Samurai Sam's,Samurai Sam's
Sarku Japan,Sarku Japan
Sbarro,Sbarro
Schlotzsky's,Schlotzsky's
Sconecutter,Sconecutter
Scoopers,Scoopers
Seaside Eatery,Seaside Eatery
Sensenig Poultry LLC,Sensenig Poultry LLC
Sheetz,Sheetz
Shepard's Drive-In,Shepard's Drive-In
Shloma Inc,Shloma Inc
Shoney's on the Go,Shoney's on the Go
ShopRite,ShopRite
Shot Tower Inn,Shot Tower Inn
Siam To Go,Siam To Go
Simmies Arirang Hill Cheese Steak,Simmies Arirang Hill Cheese Steak
Skyline Chili,Skyline Chili
Slim Chickens,Slim Chickens
Smashburger,Smashburger
Smoothie King,Smoothie King
Snack Shack,Snack Shack
Sonic,Sonic
Sonic Drive In,SONIC Drive-In
Sonic Drive in,SONIC Drive-In
Sonic Drive-In,SONIC Drive-In
Sonic Drive-in,SONIC Drive-In
Sonic Drive-in (trailer),SONIC Drive-In
Soulfish Grill,Soulfish Grill
South-A-Philly Steaks and Hoagies,South-A-Philly Steaks and Hoagies
Spangle's,Spangle's
Spangles,Spangle's
St Louis Original Hamburgers,St Louis Original Hamburgers
Starbucks,Starbucks
Stars Drive-In,Stars Drive-In
Steak 'N Shake,Steak 'N Shake
Steak 'n Shake,Steak 'N Shake
Steak Escape,Steak Escape
Steak N Shake,Steak 'N Shake
Steak-out,Steak-out
Stripes Store #2276,Stripes
Strongwater Spirits & Botanicals,Strongwater Spirits & Botanicals
Subway,Subway
Subway (johnson) @ Jonesboro,Subway
Subway - Bell's Ferry,Subway
Subway - Roland Park,Subway
Subway Citgo of Quarryville,Subway
Subway Guitars,Subway
Subway Sandwiches,Subway
Subway Sandwiches and Salads,Subway
Sunrise Cafe,Sunrise Cafe
Taco Bell,Taco Bell
Taco Bell/Pizza Hut Express,Taco Bell
Taco Bueno,Taco Bueno
Taco Cabana,Taco Cabana
Taco Casa,Taco Casa
Taco Del Mar,Taco Del Mar
Taco Delight,Taco Delight
Taco John's,Taco John's
Taco Local,Taco Local
Taco Mayo,Taco Mayo
Taco Time,Taco Time
Taco del Mar,Taco Del Mar
TacoTime,Taco Time
Taqueria,Taqueria
Tasty Carryout,Tasty Carryout
Teddy's Bigger Burgers,Teddy's Bigger Burgers
Tellers Tap Room & Kitchen,Tellers Tap Room & Kitchen
The Agora,The Agora
The Biscuit Factory,The Biscuit Factory
The Break Away Sports Cafe,The Break Away Sports Cafe
The Chicken Place,The Chicken Place
The Flame Broiler,The Flame Broiler
The Great Steak & Potato Co.,Great Steak & Potato Co
The Halal Guys,The Halal Guys
The Honeybaked Ham Company,The Honeybaked Ham Company
The People Connection,The People Connection
The Pita Pit,Pita Pit
The Pizza Pipe Line,The Pizza Pipe Line
The Press Club,The Press Club
Thrasher's French Fries,Thrasher's French Fries
Thrashers French Fries,Thrasher's French Fries
Thunder Ridge Ampride,Thunder Ridge Ampride
Tina's Carryout Restaurant,Tina's Carryout Restaurant
Tom & Jerry's,Tom & Jerry's
Tom's Drive In,Tom's Drive In
Tom's Grill,Tom's Grill
Tommy's Sub Shop,Tommy's Sub Shop
Topper's Pizza,Topper's Pizza
Toppers Pizza,Topper's Pizza
Travelcenters of America,Travelcenters of America
Tropical Smoothie Cafe,Tropical Smoothie Cafe
Tubby's Grilled Submarines,Tubby's Grilled Submarines
Tudor's Biscuit World,Tudor's Biscuit World
Twisters,Twisters
Vista Drive In,Vista Drive In
Waffle House,Waffle House
Wendy Two Two Eight,Wendy's
Wendy's,Wendy's
Wendys,Wendy's
Wetzel's Pretzels,Wetzel's Pretzels
Whataburger,Whataburger
White Castle,White Castle
White Manna Hamburgers,White Manna Hamburgers
Wienerschnitzel,Wienerschnitzel
Windmill Gourmet Fast Foods,Windmill Gourmet Fast Foods
Wings And Philly,Wings And Philly
Wings N' More Wings,Wings N' More Wings
Wingstop,Wingstop
Wingstreet,Wingstreet
Woody's Sloppy Dogs,Woody's Sloppy Dogs
World Wrapps,World Wrapps
Wu's Fine Chinese Cuisine,Wu's Fine Chinese Cuisine
Yellow Cab Pizza Co.,Yellow Cab Pizza Co.
Yoshinoya,Yoshinoya
Your Healthy Habit,Your Healthy Habit
Yum Brands Inc,Yum Brands Inc
Zaxby's,Zaxby's
Zip's Hamburgers And Fish,Zip's Hamburgers And Fish
Ziti's Italian Express,Ziti's Italian Express
b.good,B. Good
